state,city
West Virginia,Phoenix
Oregon,Springfield
Nevada,Portsmouth
Oklahoma,Green Bay
Arkansas,New Haven
,Charlotte
Oklahoma,Chandler
,Bridgeport
District of Columbia,Concord
Florida,St. Louis
Illinois,Las Vegas
District of Columbia,Mobile
South Carolina,High
Texas,Downey
Minnesota,Tulsa
Mississippi,Topeka
Illinois,Peoria
Idaho,Lansing
Alabama,Chesapeake
New Jersey,Ann Arbor
Ohio,McAllen
Kentucky,Portland
Massachusetts,Everett
Oklahoma,Cleveland
Connecticut,Indianapolis
Colorado,Simi Valley
Pennsylvania,Corona
Utah,Knoxville
Montana,Louisville-Jefferson County
Mississippi,Rockford
Washington,Carrollton
North Dakota,Eugene
Ohio,Sunnyvale
California,Coral Springs
District of Columbia,Lansing
Oregon,Hollywood
Missouri,Henderson
Maine,Columbia
Vermont,Arvada
North Dakota,Coral Springs
Maryland,Little Rock
Pennsylvania,San Francisco
North Dakota,Amarillo
Kentucky,Charlotte
Wisconsin,Aurora
New Hampshire,Lubbock
Colorado,Memphis
Ohio,Norman
,Alexandria
Utah,Dallas
Louisiana,Washington
Nevada,Denver
Maryland,Boston
Kansas,Stockton
Ohio,Jacksonville
Kansas,Shreveport
Colorado,Durham
Mississippi,Jersey City
Maine,Fayetteville
Tennessee,Riverside
Nevada,Chesapeake
Montana,Provo
Wyoming,Brownsville
Connecticut,Spokane
Mississippi,Minneapolis
District of Columbia,Chicago
New Jersey,Knoxville
North Carolina,Fort Wayne
District of Columbia,Philadelphia
Hawaii,Elk Grove
Maryland,Columbus
Delaware,Newport News
Nebraska,Houston
Iowa,Des Moines
District of Columbia,North Las Vegas
Oklahoma,Reno
Indiana,Santa Ana
Mississippi,Fort Collins
Ohio,Hialeah
New Jersey,Raleigh
,Yonkers
Pennsylvania,Cape Coral
North Dakota,Baltimore
Wyoming,Inglewood
Louisiana,Minneapolis
Washington,Modesto
Kentucky,Olathe
Rhode Island,Chesapeake
Vermont,Columbus
West Virginia,Corpus Christi
Nebraska,Los Angeles
West Virginia,Elizabeth
Illinois,Phoenix
New Hampshire,Waterbury
Washington,Grand Prairie
North Dakota,Grand Rapids
Minnesota,Houston
Nebraska,Miami
Nevada,Joliet
North Carolina,Erie
Florida,Clarksville
Arkansas,Rockford
Kansas,Huntsville
Nevada,Laredo
Alabama,Gainesville
Vermont,Scottsdale
Rhode Island,Columbia
District of Columbia,Boston
Virginia,Stamford
Pennsylvania,Evansville
Maryland,Lowell
Wyoming,Lexington
Massachusetts,Cleveland
Massachusetts,Macon
Idaho,High
South Dakota,Durham
Maryland,Norfolk
Idaho,Manchester
California,Hartford
New Jersey,Anchorage
Vermont,High
North Dakota,Chattanooga
Louisiana,Cleveland
Massachusetts,Westminster
Colorado,Pasadena
Minnesota,Boise
Nebraska,Oceanside
Rhode Island,Lubbock
Vermont,Richmond
,Mobile
South Dakota,Long Beach
New Jersey,Boise
California,Fort Lauderdale
Ohio,Syracuse
Kentucky,Oceanside
Missouri,Torrance
Arkansas,Evansville
West Virginia,Lansing
Tennessee,Daly City
Georgia,Hartford
New Hampshire,Madison
Pennsylvania,Long Beach
Illinois,Green Bay
Georgia,Pomona
Idaho,Chesapeake
Louisiana,Waco
Indiana,Joliet
,Escondido
Colorado,Warren
Virginia,Scottsdale
Michigan,Glendale
Maryland,Wilmington
Hawaii,
Arkansas,Atlanta
Colorado,Tempe
Mississippi,Detroit
Michigan,Raleigh
Vermont,El Paso
Oklahoma,Baltimore
Utah,Santa Clarita
,Honolulu
Pennsylvania,Santa Clarita
Vermont,Yonkers
Nebraska,St. Paul
Wisconsin,Aurora
,Columbus
California,McAllen
New Jersey,Chicago
Mississippi,New Haven
Massachusetts,Peoria
California,Austin
West Virginia,Grand Rapids
South Carolina,Atlanta
Idaho,Tacoma
Delaware,Salt Lake City
Oregon,Simi Valley
Oklahoma,Memphis
Missouri,High
North Dakota,Cleveland
Mississippi,Hayward
Idaho,Richmond
Massachusetts,Montgomery
New Mexico,Milwaukee
Tennessee,Warren
Mississippi,St. Petersburg
Arkansas,Warren
Kentucky,Springfield
California,Salem
Illinois,Lakewood
Maine,Austin
Missouri,New York City
Pennsylvania,Jacksonville
New Hampshire,Moreno Valley
District of Columbia,Lubbock
Oklahoma,Glendale
Connecticut,Roseville
Massachusetts,Springfield
Colorado,Oklahoma City
Oregon,Baltimore
Wyoming,Visalia
Florida,Pittsburgh
New York,Lincoln
Nevada,Portland
Minnesota,Arlington
New Hampshire,Fayetteville
Mississippi,Grand Rapids
Wisconsin,Spokane
,Irvine
Missouri,Peoria
Ohio,Roseville
New Mexico,Visalia
Idaho,Cincinnati
Maine,Paterson
Kansas,San Jose
Rhode Island,Akron
South Dakota,Clarksville
Rhode Island,Columbus
Pennsylvania,Chula Vista
Pennsylvania,Pasadena
West Virginia,Thornton
North Dakota,Oxnard
Nebraska,Charleston
North Dakota,Cape Coral
Mississippi,Tempe
Nebraska,Bridgeport
Tennessee,Richmond
Minnesota,Montgomery
Virginia,Wilmington
,Corpus Christi
District of Columbia,Worcester
West Virginia,Mesa
Connecticut,Charlotte
Utah,Las Vegas
Mississippi,Glendale
Montana,Elk Grove
Maine,Santa Clara
Massachusetts,Hollywood
Kansas,St. Petersburg
Michigan,Austin
New Jersey,Peoria
New Jersey,Fresno
Texas,Denton
Montana,Omaha
North Dakota,New Haven
Nebraska,Overland Park
New Hampshire,Carrollton
Minnesota,Huntington Beach
Minnesota,Kansas City
West Virginia,El Paso
Utah,Nashville
Iowa,Killeen
Mississippi,Ontario
Hawaii,Chesapeake
Montana,Alexandria
,Oakland
Colorado,Denton
Texas,Albuquerque
Idaho,Simi Valley
Wisconsin,New Orleans
Virginia,Kansas City
Connecticut,Concord
,Dayton
New York,Westminster
Virginia,Minneapolis
Colorado,Indianapolis
Connecticut,Worcester
District of Columbia,Louisville-Jefferson County
North Dakota,Akron
Hawaii,Portland
Rhode Island,Bellevue
Pennsylvania,Little Rock
North Carolina,Chesapeake
Washington,Inglewood
Alaska,Atlanta
Minnesota,Hayward
Rhode Island,Carrollton
Maine,Columbia
Illinois,West Valley City
South Carolina,Savannah
North Carolina,Toledo
Wyoming,Moreno Valley
Indiana,Tallahassee
Colorado,Toledo
Arkansas,Bellevue
District of Columbia,Bellevue
Georgia,Fort Worth
California,Kansas City
Wyoming,Clarksville
Missouri,Yonkers
Vermont,Louisville-Jefferson County
Colorado,Shreveport
Alabama,Aurora
Texas,Santa Clarita
Oklahoma,Hampton
Wisconsin,Grand Rapids
Michigan,Provo
Texas,Pueblo
Idaho,Hialeah
Wyoming,Mesquite
California,Glendale
,Grand Prairie
Arkansas,Baltimore
Virginia,Huntington Beach
North Carolina,Flint
Louisiana,Springfield
Delaware,Wichita
Montana,Eugene
,Modesto
Vermont,Providence
Mississippi,Spokane
,Orlando
Oregon,Lowell
Hawaii,Los Angeles
Alabama,Norfolk
Louisiana,Brownsville
Oklahoma,Fort Wayne
Washington,Eugene
Alabama,Syracuse
Kansas,Milwaukee
Tennessee,Arvada
Arizona,Fresno
Alaska,Fort Lauderdale
Massachusetts,Mobile
Nevada,Los Angeles
Kansas,Fort Lauderdale
,Raleigh
Pennsylvania,Orlando
Massachusetts,Montgomery
Rhode Island,Fort Collins
Washington,Louisville-Jefferson County
District of Columbia,San Buenaventura (Ventura)
Nevada,Newark
Kansas,Modesto
New Mexico,Mobile
Virginia,Bakersfield
Kentucky,Durham
Oklahoma,Bridgeport
South Carolina,Salinas
Virginia,New Orleans
North Dakota,Sterling Heights
Idaho,Topeka
Hawaii,Manchester
Delaware,Fort Wayne
Virginia,Allentown
Louisiana,West Valley City
Minnesota,Stockton
Texas,Gainesville
West Virginia,Clarksville
Nebraska,Clearwater
Louisiana,Sioux Falls
,Modesto
Kentucky,Miami
Ohio,Fresno
Texas,Minneapolis
Oklahoma,Dayton
Minnesota,Tucson
Alabama,West Covina
Kentucky,Syracuse
Iowa,Alexandria
New Hampshire,Mobile
Rhode Island,Cedar Rapids
Oklahoma,Richmond
Washington,Worcester
,Scottsdale
Illinois,Anaheim
Wisconsin,Newport News
Kansas,Glendale
New Jersey,Chesapeake
South Carolina,Ann Arbor
Nebraska,Madison
Connecticut,Lowell
Pennsylvania,St. Paul
Michigan,Columbus
Arizona,Portsmouth
Wisconsin,Newark
Maryland,Roseville
Alaska,Louisville-Jefferson County
Delaware,Stockton
Colorado,Springfield
Colorado,Oakland
Hawaii,Daly City
Michigan,Fort Collins
Virginia,Roseville
Georgia,Reno
Georgia,Warren
Iowa,Cary
Pennsylvania,Kansas City
Indiana,Laredo
South Carolina,Knoxville
Wisconsin,Salem
Oklahoma,Santa Ana
Minnesota,McAllen
,High
Maryland,Huntsville
Nevada,Hayward
Tennessee,Milwaukee
Maine,Buffalo
New Mexico,Louisville-Jefferson County
New York,Plano
New Hampshire,Cambridge
Wyoming,Madison
Georgia,Atlanta
Nebraska,Baltimore
Texas,Mesquite
Maine,Santa Clarita
Connecticut,Tacoma
Massachusetts,Lubbock
Texas,Salinas
Hawaii,Warren
Tennessee,Baton Rouge
Iowa,Clearwater
Delaware,Boise
Vermont,Buffalo
Rhode Island,Minneapolis
New Jersey,Paterson
South Dakota,Plano
Virginia,Los Angeles
Minnesota,Abilene
Idaho,Fort Collins
Oregon,Nashville
Montana,Aurora
Missouri,San Jose
Mississippi,Fort Collins
Maryland,Bakersfield
Colorado,Santa Clara
Indiana,Raleigh
Texas,Lafayette
Florida,Killeen
Louisiana,Orange
Florida,Chattanooga
Wisconsin,Fresno
Vermont,Tempe
Louisiana,Richmond
Maryland,Amarillo
New Jersey,Lafayette
Illinois,Hayward
Missouri,Oceanside
South Carolina,Springfield
Nebraska,Des Moines
Missouri,Elizabeth
Oregon,Pasadena
Mississippi,Long Beach
Missouri,San Francisco
Minnesota,Oklahoma City
Virginia,New Orleans
Maine,Concord
Idaho,Winston-Salem
Iowa,Thornton
Louisiana,Springfield
Washington,Columbia
Hawaii,Austin
Texas,Denton
Virginia,Lexington
New York,Mesquite
Connecticut,Ontario
Nevada,Pasadena
Louisiana,Portsmouth
Maine,Wichita Falls
North Carolina,Provo
Maryland,Overland Park
North Dakota,Baltimore
Mississippi,Oklahoma City
District of Columbia,Lakewood
Illinois,Orlando
Ohio,Fullerton
Vermont,Columbia
Maryland,West Valley City
Florida,Warren
Illinois,Louisville-Jefferson County
Missouri,Austin
New Jersey,Warren
California,Norman
Hawaii,Warren
District of Columbia,Mesa
Utah,Naperville
Tennessee,Thousand Oaks
Massachusetts,Costa Mesa
Florida,Paterson
Tennessee,Scottsdale
Michigan,Santa Ana
Washington,Overland Park
Ohio,Durham
District of Columbia,Fort Worth
North Carolina,Hampton
New Hampshire,Grand Rapids
Montana,Topeka
Tennessee,Atlanta
Florida,Olathe
Georgia,New Haven
Washington,Pasadena
New York,Palmdale
Tennessee,Arlington
Michigan,Wichita
Utah,Springfield
Massachusetts,Reno
Arizona,San Antonio
Oregon,Hayward
Idaho,Mobile
Michigan,Corona
North Carolina,Independence
Oklahoma,Provo
Oklahoma,Spokane
West Virginia,Carrollton
North Carolina,Fresno
Oregon,McAllen
Washington,Sacramento
West Virginia,Orlando
New Mexico,Peoria
New Jersey,Grand Prairie
North Carolina,El Monte
South Dakota,Springfield
New Hampshire,Lowell
Connecticut,Akron
Alabama,Hollywood
Ohio,Baton Rouge
Alabama,Grand Rapids
Michigan,Yonkers
Texas,Pomona
Arizona,Wichita Falls
Wyoming,Berkeley
,Paterson
Wisconsin,Overland Park
Kansas,Springfield
Idaho,Hollywood
Kansas,Pompano Beach
Oregon,Jacksonville
Hawaii,Bridgeport
Hawaii,Minneapolis
Maryland,Overland Park
Ohio,Tacoma
Minnesota,Irving
New York,Flint
Ohio,San Antonio
Wyoming,New Orleans
California,Arlington
Montana,Scottsdale
North Dakota,Peoria
Arizona,Norman
Minnesota,Hialeah
Louisiana,Amarillo
New Hampshire,Henderson
District of Columbia,Phoenix
New Jersey,Roseville
Massachusetts,South Bend
Utah,Kansas City
New Jersey,Birmingham
Massachusetts,Nashville
Minnesota,Kansas City
Hawaii,West Covina
Indiana,Boston
Georgia,Concord
Kentucky,Norman
Georgia,Glendale
Massachusetts,Santa Clarita
West Virginia,Durham
Colorado,Salinas
Pennsylvania,Stamford
Idaho,El Monte
Ohio,Pueblo
Utah,Charlotte
Vermont,Hialeah
Hawaii,Buffalo
Alabama,Costa Mesa
Connecticut,Rochester
Arizona,Grand Prairie
Nevada,South Bend
West Virginia,Pembroke Pines
District of Columbia,Colorado Springs
Pennsylvania,Costa Mesa
Michigan,Jersey City
Massachusetts,Hollywood
Pennsylvania,Elk Grove
South Dakota,Paterson
Michigan,New Orleans
Hawaii,Olathe
Arkansas,Pompano Beach
North Dakota,Cincinnati
,Tacoma
Maine,Wichita Falls
Hawaii,Fremont
Missouri,Bridgeport
Georgia,Houston
Colorado,Escondido
Mississippi,Winston-Salem
Ohio,Manchester
Hawaii,Wilmington
New Hampshire,St. Paul
Pennsylvania,Sacramento
Louisiana,Savannah
Michigan,McAllen
District of Columbia,Oakland
South Dakota,Worcester
New Jersey,Shreveport
Connecticut,San Bernardino
Massachusetts,Alexandria
North Dakota,Arlington
New Hampshire,Concord
Hawaii,Waco
Indiana,Coral Springs
Mississippi,Dayton
Utah,Lubbock
Louisiana,Norfolk
Massachusetts,Green Bay
Illinois,Hialeah
Kentucky,Santa Ana
Arizona,Henderson
Ohio,St. Petersburg
North Carolina,Salt Lake City
Hawaii,Elizabeth
Mississippi,Orange
Alabama,San Antonio
Iowa,Phoenix
Nebraska,Riverside
,Boise
Maryland,Boston
Florida,Columbia
Indiana,Virginia Beach
New Mexico,Fairfield
New Mexico,Waco
Idaho,Salt Lake City
Oregon,Omaha
Kentucky,Cedar Rapids
Pennsylvania,Vancouver
Vermont,Scottsdale
Virginia,Glendale
Missouri,Nashville
Florida,Boise
Virginia,Flint
Indiana,Gainesville
Wisconsin,Kansas City
Wyoming,Amarillo
Utah,St. Petersburg
,Chattanooga
Kansas,Oxnard
,Austin
California,Hollywood
Alaska,Charleston
Maryland,San Francisco
Missouri,Ontario
Minnesota,St. Louis
Virginia,Jackson
Florida,Aurora
Colorado,Clarksville
Indiana,Provo
Massachusetts,San Jose
Indiana,Glendale
Colorado,Thousand Oaks
Nebraska,Lafayette
Alaska,Columbus
Indiana,Virginia Beach
Montana,West Covina
,Pittsburgh
Texas,Chicago
,Savannah
South Carolina,Chesapeake
Georgia,Atlanta
Kentucky,Indianapolis
Missouri,Knoxville
Illinois,El Paso
Oregon,Portland
New York,Chesapeake
New Hampshire,Sterling Heights
California,Fort Lauderdale
Washington,Norfolk
South Dakota,Beaumont
,Santa Ana
Texas,Fairfield
Mississippi,
Utah,Knoxville
Hawaii,Newark
Iowa,
Georgia,Moreno Valley
Nebraska,San Bernardino
Oklahoma,Miami
Colorado,Dayton
New York,Hampton
Alaska,Stockton
North Dakota,Baltimore
Georgia,Moreno Valley
Nebraska,Lafayette
,Savannah
North Carolina,Brownsville
South Dakota,Dallas
Connecticut,Minneapolis
North Dakota,Waco
Iowa,Henderson
Texas,Long Beach
California,Cedar Rapids
Washington,Aurora
Maine,Baltimore
Wisconsin,Rancho Cucamonga
Georgia,Colorado Springs
Washington,Knoxville
Colorado,Atlanta
Missouri,Des Moines
,Fort Collins
California,Dayton
Delaware,Springfield
New York,Macon
New Jersey,Jacksonville
Tennessee,Plano
,Huntington Beach
Arkansas,Stamford
Louisiana,El Monte
Ohio,San Antonio
Rhode Island,Pasadena
Michigan,Hollywood
Ohio,Garland
Florida,Salem
Vermont,Palmdale
New York,Riverside
Vermont,Lakewood
,Arvada
Wyoming,Westminster
Ohio,Virginia Beach
District of Columbia,Fort Collins
Oklahoma,Fort Worth
Maryland,Montgomery
West Virginia,Columbia
Florida,Mesa
Minnesota,Alexandria
Indiana,Cleveland
Iowa,Waterbury
Pennsylvania,Garland
New Mexico,Tallahassee
Arkansas,Bridgeport
Nebraska,Thousand Oaks
Rhode Island,Denton
Rhode Island,Pompano Beach
Nebraska,Norfolk
Connecticut,Fort Wayne
Illinois,Springfield
Ohio,Chattanooga
Michigan,Fairfield
West Virginia,Spokane
South Carolina,Yonkers
,Los Angeles
Montana,Antioch
New Hampshire,Wilmington
Oklahoma,Grand Prairie
North Carolina,Peoria
Louisiana,Green Bay
Rhode Island,Grand Rapids
Washington,Vallejo
,Olathe
Indiana,Arvada
West Virginia,Oklahoma City
Ohio,Clearwater
Oregon,Torrance
Wisconsin,Glendale
Wisconsin,Reno
Wyoming,Topeka
Maine,Portland
South Dakota,West Valley City
Texas,Virginia Beach
Kansas,Baltimore
Rhode Island,Arlington
Wisconsin,Abilene
New Hampshire,Oxnard
Minnesota,Arvada
Oklahoma,Boston
Montana,Miami
Nebraska,Grand Prairie
Alaska,Syracuse
Nebraska,Fayetteville
California,Downey
Maryland,Charleston
North Dakota,Garden Grove
New Mexico,Pasadena
Florida,Lubbock
West Virginia,Hampton
Missouri,Dallas
South Dakota,Rochester
Alaska,Arlington
,Peoria
Colorado,Jackson
Delaware,Hialeah
Maine,Cincinnati
Nebraska,Clearwater
Rhode Island,Springfield
Wyoming,Grand Prairie
California,Garland
Mississippi,Milwaukee
Nevada,Salinas
Montana,Winston-Salem
West Virginia,Fairfield
Texas,Stockton
Kentucky,Beaumont
Idaho,Lowell
Kentucky,San Bernardino
Alabama,Waco
Illinois,Thornton
Illinois,Riverside
Nevada,Waterbury
Pennsylvania,Charleston
West Virginia,Springfield
Connecticut,Plano
New Mexico,Peoria
Alaska,Fort Collins
Kansas,Pittsburgh
Oklahoma,Syracuse
Montana,Eugene
Colorado,Abilene
New York,Houston
Ohio,Manchester
North Carolina,Orlando
Connecticut,Springfield
West Virginia,Pasadena
Tennessee,Amarillo
Nevada,Fremont
Wisconsin,Stamford
Massachusetts,Chicago
New Hampshire,San Diego
Michigan,Jacksonville
Arkansas,Chicago
Nevada,Flint
Maine,Arvada
Indiana,Pueblo
California,Denver
Pennsylvania,Cambridge
North Carolina,Newport News
Mississippi,Modesto
Michigan,Costa Mesa
North Carolina,Allentown
Georgia,Cincinnati
Indiana,Worcester
Utah,Wilmington
Illinois,West Covina
Vermont,Louisville-Jefferson County
New Jersey,Amarillo
Nebraska,Seattle
Vermont,Plano
Mississippi,Dayton
Vermont,Antioch
Maine,Alexandria
South Dakota,Honolulu
,Garden Grove
Florida,Boston
West Virginia,Glendale
Virginia,Louisville-Jefferson County
Nevada,Richmond
Virginia,Peoria
Indiana,Flint
South Dakota,Garland
Washington,Arlington
Georgia,Aurora
Nevada,Yonkers
Michigan,Irvine
California,Ann Arbor
South Carolina,Miami
Virginia,Aurora
Delaware,Torrance
Missouri,Palmdale
Indiana,San Bernardino
Michigan,Richmond
South Carolina,Louisville-Jefferson County
Pennsylvania,Madison
Alabama,Rockford
Arkansas,El Monte
North Carolina,Jersey City
Florida,Brownsville
,Albuquerque
Nebraska,Modesto
Louisiana,Springfield
,Reno
Rhode Island,Modesto
Wisconsin,Stockton
Wyoming,Pittsburgh
Idaho,Baltimore
Georgia,Long Beach
California,Costa Mesa
Louisiana,Louisville-Jefferson County
West Virginia,Fresno
Rhode Island,Bellevue
Wisconsin,Providence
Indiana,Fort Collins
Minnesota,Corona
Oregon,Worcester
North Carolina,Vancouver
North Carolina,Irving
Maine,Reno
District of Columbia,Des Moines
Louisiana,Pasadena
North Carolina,Torrance
North Carolina,Overland Park
Maine,Jacksonville
North Dakota,Bakersfield
New Mexico,Simi Valley
Alaska,Irvine
Minnesota,Hollywood
Tennessee,San Buenaventura (Ventura)
Massachusetts,Richmond
Arkansas,Richmond
Montana,High
Utah,Stockton
Rhode Island,Tampa
Vermont,Corpus Christi
Vermont,Cambridge
New Hampshire,Daly City
Iowa,Olathe
Maine,El Monte
Wyoming,Lexington
North Dakota,Corpus Christi
New Jersey,Salt Lake City
Louisiana,Raleigh
Tennessee,Lancaster
Montana,Chesapeake
Montana,Ontario
Oregon,Tulsa
Idaho,Grand Rapids
New York,Antioch
Maine,Sterling Heights
New Jersey,Salinas
New York,Virginia Beach
Iowa,Nashville
Kansas,Portland
Pennsylvania,Vancouver
Indiana,Denton
South Dakota,Boston
Louisiana,Coral Springs
South Dakota,Chula Vista
North Dakota,Reno
West Virginia,Los Angeles
Utah,Lowell
Utah,Winston-Salem
Pennsylvania,Detroit
North Dakota,Chesapeake
Connecticut,Colorado Springs
Georgia,Portland
Oregon,Moreno Valley
,Peoria
Texas,Wichita Falls
Nevada,Fremont
Pennsylvania,Anaheim
Illinois,Richmond
Michigan,Rochester
Utah,Hialeah
Nevada,Stockton
Kansas,Corona
Alabama,North Las Vegas
,Shreveport
Colorado,Memphis
Connecticut,Akron
Wisconsin,Santa Rosa
,Sacramento
Florida,Birmingham
West Virginia,Burbank
Ohio,Springfield
Alaska,Elk Grove
Illinois,Nashville
Connecticut,San Francisco
Idaho,El Monte
South Carolina,Peoria
,Las Vegas
New Hampshire,Corpus Christi
,Virginia Beach
North Dakota,Fort Wayne
Colorado,Richmond
Delaware,Rochester
Michigan,Irvine
Washington,Salinas
Rhode Island,Arvada
Arkansas,Provo
Kansas,Ann Arbor
Delaware,Charlotte
Illinois,New Haven
Mississippi,Durham
Pennsylvania,Vancouver
,Mobile
West Virginia,Green Bay
District of Columbia,Everett
Washington,Knoxville
Maryland,Henderson
,Cincinnati
Wyoming,Lubbock
New Jersey,Aurora
North Dakota,Laredo
New Mexico,Mobile
Utah,Paterson
Michigan,Cape Coral
Delaware,Colorado Springs
Virginia,El Monte
Idaho,Rochester
Wyoming,Indianapolis
Illinois,Sunnyvale
Utah,Santa Clara
Louisiana,Mobile
Georgia,Anaheim
Illinois,Kansas City
West Virginia,South Bend
Hawaii,Detroit
Nebraska,Austin
Maryland,Mesa
Iowa,St. Petersburg
Missouri,Santa Clara
Arizona,Toledo
Florida,High
Arizona,
Michigan,Hollywood
New Jersey,Stockton
